fecha_corte;anio;total;total_anio_anterior;mar_total;mar_total_anio_anterior;ceuta_melilla_tierra;ceuta_melilla_tierra_anio_anterior;canarias;canarias_anio_anterior;peninsula;peninsula_anio_anterior;baleares;baleares_anio_anterior;peninsula_baleares;peninsula_baleares_anio_anterior;ceuta_tierra;ceuta_tierra_anio_anterior;ceuta_mar;ceuta_mar_anio_anterior;melilla_tierra;melilla_tierra_anio_anterior;melilla_mar;melilla_mar_anio_anterior;embarcaciones;informe_pdf
2022-01-16;2022;1604;1376;1585;1246;19;130;790;1069;;;;;750;168;17;70;13;9;2;60;32;0;90;01_informe_quincenal_acumulado_01-01_al_15-01-2022C.pdf
2022-01-31;2022;4202;3217;4115;2891;87;326;3194;2077;;;;;870;779;41;135;19;35;46;191;32;0;155;02_informe_quincenal_acumulado_01-01_al_31-01-2022C.pdf
2022-02-15;2022;6360;3546;6243;3191;117;355;4753;2197;;;;;1437;954;67;197;19;40;50;158;34;0;237;03_informe_quincenal_acumulado_01-01_al_15-02-2022.pdf
2022-02-28;2022;7319;4226;7184;3837;135;389;5496;2341;;;;;1635;1428;78;220;19;68;57;169;34;0;272;04_informe_quincenal_acumulado_01-01_al_28-02-2022.pdf
2022-03-15;2022;8276;4678;7254;4377;1022;301;5552;2580;;;;;1640;1729;108;82;19;68;914;219;43;0;276;05_informe_quincenal_acumulado_01-01_al_15-03-2022.pdf
2022-03-31;2022;8707;6462;7589;6122;1118;340;5871;3436;;;;;1644;2613;203;107;31;73;915;233;43;0;286;06_informe_quincenal_acumulado_01-01_al_31-03-2022.pdf
2022-04-15;2022;9317;7224;8145;6808;1172;416;6359;3980;;;;;1710;2752;243;144;33;76;929;272;43;0;310;07_informe_quincenal_acumulado_01-01_al_15-04-2022.pdf
2022-04-30;2022;10180;7937;8915;7337;1265;600;6624;4411;;;;;2215;2850;332;320;33;76;933;280;43;0;362;08_informe_quincenal_acumulado_01-01_al_30-04-2022.pdf
2022-05-15;2022;11465;9567;10163;8899;1302;668;7619;4995;;;;;2453;3812;354;383;33;92;948;285;58;0;413;09_informe_quincenal_acumulado_01-01_al_15-05-2022.pdf
2022-05-31;2022;12531;10823;11183;9989;1348;834;8268;5494;;;;;2824;4379;399;363;33;116;949;471;58;0;466;10_informe_quincenal_acumulado_01-01_al_31-05-2022.pdf
2022-06-15;2022;13561;11393;12159;10614;1402;779;8582;5698;;;;;3478;4747;448;310;36;169;954;469;63;0;537;11_informe_quincenal_acumulado_01-01_al_15-06-2022.pdf
2022-06-30;2022;14071;13133;12465;12296;1606;837;8741;6952;;;;;3619;5228;517;363;36;116;1089;474;69;0;562;12_informe_quincenal_acumulado_01-01_al_30-06-2022.pdf
2022-07-15;2022;15002;14716;13355;13727;1647;989;9308;7301;;;;;3941;6310;551;363;37;116;1096;626;69;0;608;13_informe_quincenal_acumulado_01-01_al_15-07-2022.pdf
2022-07-31;2022;16718;16180;14996;14939;1722;1241;9589;7531;;;;;5284;7292;600;363;52;116;1122;878;71;0;757;14_informe_quincenal_acumulado_01-01_al_31-07-2022.pdf
2022-08-15;2022;18147;18350;16378;17056;1769;1294;10347;8222;;;;;5885;8246;641;401;57;588;1128;893;89;0;838;15_informe_quincenal_acumulado_01-01_al_15-08-2022.pdf
2022-08-31;2022;19007;21178;17170;19712;1837;1466;10637;9255;;;;;6359;9766;702;488;65;687;1135;978;109;4;;15_informe_quincenal_acumulado_01-01_al_31-08-2022.pdf
2022-09-15;2022;21472;24293;19573;22787;1899;1506;11522;11291;;;;;7864;10886;753;517;76;606;1146;989;111;4;1115;17_informe_quincenal_acumulado_01-01_al_15-09-2022.pdf
2022-09-30;2022;23197;28729;21228;27136;1969;1593;12506;13118;;;;;8497;13320;819;576;107;694;1150;1017;118;4;1203;18_informe_quincenal_acumulado_01-01_al_30-09-2022.pdf
2022-10-15;2022;25169;32061;23154;30478;2015;1583;13122;15078;;;;;9803;14734;860;557;111;658;1155;1026;118;8;1339;19_informe_quincenal_acumulado_01-01_al_15-10-2022.pdf
2022-10-31;2022;28032;34343;25981;32713;2051;1630;14457;16827;;;;;11262;15282;893;588;118;596;1158;1042;144;8;1509;20_informe_quincenal_acumulado_01-01_al_31-10-2022.pdf
2022-11-15;2022;28926;35948;26839;34284;2087;1664;14875;18061;;;;;11699;15590;920;615;121;612;1167;1049;144;21;1562;21_informe_quincenal_acumulado_01-01_al_15-11-2022.pdf
2022-11-30;2022;29203;38103;27063;36379;2140;1724;15082;19865;;;;;11715;15893;969;633;122;600;1171;1091;144;21;1570;22_informe_quincenal_acumulado_01-01_al_30-11-2022.pdf
2022-12-15;2022;29999;38979;27789;37241;2210;1738;15466;20603;;;;;12047;16001;1037;679;124;600;1173;1059;152;37;1609;23_informe_quincenal_acumulado_01-01_al_15-12-2022.pdf
2022-12-31;2022;31219;41945;28930;40100;2289;1845;15682;22316;;;;;12955;17341;1114;753;124;404;1175;1092;169;39;1704;24_informe_quincenal_acumulado_01-01_al_31-12-2022.pdf
2023-01-15;2023;953;1496;921;1477;32;19;371;714;;;;;538;718;28;17;9;13;4;2;3;32;65;01_informe_quincenal_acumulado_01-01_al_15-01-2023.pdf
2023-01-31;2023;1292;4202;1205;4115;87;87;566;3194;;;;;624;870;80;41;12;19;7;46;3;32;86;02_informe_quincenal_acumulado_01-01_al_31-01-2023.pdf
2023-02-14;2023;2538;6352;2425;6243;113;109;1602;4753;;;;;808;1437;101;61;12;19;12;48;3;34;123;03_informe_quincenal_acumulado_01-01_al_14-02-2023.pdf
2023-02-28;2023;3094;7172;2948;7037;146;135;1865;5496;;;;;1068;1488;131;78;12;19;15;57;3;34;;04_informe_quincenal_acumulado_01-01_al_28-02-2023_.pdf
2023-03-15;2023;3719;8223;3528;7201;196;1022;2178;5552;;;;;1306;1587;179;108;12;19;17;914;32;43;;05_informe_quincenal_acumulado_01-01_al_15-03-2023.pdf
2023-03-31;2023;4287;8727;4067;7605;220;1122;2178;5940;;;;;1841;1591;199;207;16;31;21;915;32;43;234;06_informe_quincenal_acumulado_01-01_al_31-03-2023.pdf
2023-04-15;2023;5208;9302;4940;8130;268;1172;2376;6359;;;;;2516;1695;240;243;16;33;28;929;32;43;276;07_informe_quincenal_acumulado_01-01_al_15-04-2023.pdf
2023-04-30;2023;6525;10256;6214;8991;311;1265;3211;6624;;;;;2954;2291;273;332;16;33;38;933;33;43;335;08_informe_quincenal_acumulado_01-01_al_30-04-2023.pdf
2023-05-15;2023;7282;11465;6939;10163;343;1302;3495;7619;;;;;3388;2453;308;354;16;33;35;948;40;58;373;09_informe_quincenal_acumulado_01-01_al_15-05-2023.pdf
2023-05-31;2023;8575;12531;8140;11183;435;1348;4406;8268;;;;;3672;2824;381;399;22;33;54;949;40;58;423;10_informe_quincenal_acumulado_01-01_al_31-05-2023.pdf
2023-06-15;2023;10824;13620;10348;12218;476;1402;5914;8628;;;;;4369;3491;424;448;22;36;52;954;43;63;498;11_informe_quincenal_acumulado_01-01_al_15-06-2023.pdf
2023-06-30;2023;12704;14331;12192;12723;512;1608;7213;8853;;;;;4865;3765;459;518;33;36;53;1090;81;69;560;12_informe_quincenal_acumulado_01-01_al_30-06-2023.pdf
2023-07-15;2023;14021;15002;13487;13355;534;1647;7590;9308;;;;;5781;3941;474;551;33;37;60;1096;83;69;642;13_informe_quincenal_acumulado_01-01_a_15-07-2023.pdf
2023-07-31;2023;16174;16718;15603;14996;571;1722;8508;9589;;;;;6962;5284;510;600;33;52;61;1122;100;71;;14_informe_quincenal_acumulado_01-01_al_31-07-2023.pdf
2023-08-15;2023;18745;18147;18069;16378;676;1769;9864;10347;;;;;8068;5885;587;641;33;57;89;1128;104;89;;15_informe_quincenal_acumulado_01-01_al_15-08-2023.pdf
2023-08-31;2023;21780;19007;21025;17170;755;1837;11439;10637;;;;;9409;6359;650;702;58;65;105;1135;119;109;902;16_informe_quincenal_acumulado_01-01_al_31-08-2023.pdf
2023-09-14;2023;25292;21457;24463;19573;829;1884;14359;11522;;;;;9927;7864;717;738;54;76;112;1146;123;111;1065;17_informe_quincenal_acumulado_01-01_al_14-09-2023.pdf
2023-09-30;2023;26540;23197;25640;21228;900;1969;14976;12506;;;;;10487;8497;775;819;54;107;125;1150;123;118;1113;18_informe_quincenal_acumulado_01-01_al_30-09-2023.pdf
2023-10-15;2023;36814;25169;35812;23154;1002;2015;23537;13122;;;;;12098;9803;868;860;54;111;134;1155;123;118;1352;19_informe_quincenal_acumulado_01-01_al_15-10-2023.pdf
2023-10-31;2023;44404;28196;43290;26129;1114;2067;30705;14541;;;;;12392;11326;969;907;60;118;145;1160;133;144;1449;20_informe_quincenal_acumulado_01-01_al_31-10-2023.pdf
2023-11-15;2023;46862;28926;45707;26839;1155;2087;32436;14875;;;;;13044;11699;1004;920;60;121;151;1167;167;144;1523;21_informe_quincenal_acumulado_01-01_al_15-11-2023_1.pdf
2023-11-30;2023;50551;29223;49376;27083;1175;2140;35410;15082;;;;;13726;11727;1020;969;60;122;155;1171;180;152;;22_informe_quincenal_acumulado_01-01_al_30-11-2023.pdf
2023-12-15;2023;52945;30048;51739;27792;1206;2256;37187;15466;;;;;14312;12049;1045;1082;60;124;161;1174;180;153;;23_informe_quincenal_acumulado_01-01_al_15-12-2023.pdf
2023-12-31;2023;56852;31219;55618;28930;1234;2289;39910;15682;;;;;15435;12995;1068;1114;67;124;166;1175;206;169;;24_informe_quincenal_acumulado_01-01_al_31-12-2023.pdf
2024-01-15;2024;3678;953;3658;921;20;32;3480;371;;;;;178;538;17;28;0;9;3;4;0;3;;01_informe_quincenal_acumulado_01-01_al_15-01-2024.pdf
2024-01-31;2024;8067;1292;7974;1205;93;87;7270;566;;;;;703;624;90;80;0;12;3;7;1;3;;02_informe_quincenal_acumulado_01-01_al_31-01-2024.pdf
2024-02-15;2024;13302;2538;12957;2425;345;113;11704;1602;;;;;1252;808;342;101;0;12;3;12;1;3;;03_informe_quincenal_acumulado_01-01_al_15-02-2024.pdf
2024-02-29;2024;14035;3094;13485;2948;550;146;11932;1865;;;;;1552;1068;545;131;0;12;5;15;1;3;;04_informe_quincenal_acumulado_01-01_al_29-02-2024.pdf
2024-03-15;2024;15148;3708;14405;3528;743;180;12393;2178;;;;;2011;1306;736;179;0;12;7;1;1;32;;05_informe_quincenal_acumulado_01-01_al_15-03-2024.pdf
2024-03-31;2024;16156;4287;15351;4067;805;220;13115;2178;;;;;2235;1841;798;199;0;16;7;21;1;32;;06_informe_quincenal_acumulado_01-01_al_31-03-2024.pdf
2024-04-15;2024;17529;5208;16621;4940;908;268;14030;2376;;;;;2590;2516;901;240;0;16;7;28;1;32;;07_informe_quincenal_acumulado_01-01_al_15-04-2024.pdf
2024-05-02;2024;19887;6858;18930;6547;957;311;15982;3401;;;;;2947;3091;947;273;0;16;10;38;1;39;;08_informe_quincenal_acumulado_01-01_al_02-05-2024.pdf
2024-05-15;2024;20898;7282;19890;6939;1008;343;16586;3495;;;;;3303;3388;997;308;0;16;11;35;1;40;;09_informe_quincenal_acumulado_01-01_al_15-05-2024.pdf
2024-05-31;2024;21926;9252;20854;8812;1072;440;17117;4760;;;;;3723;3987;1056;389;13;22;16;51;1;43;;10_informe_quincenal_acumulado_01-01_al_31-05-2024.pdf
2024-06-15;2024;24160;10824;23037;10348;1123;476;18977;5914;;;;;4046;4369;1107;424;13;22;16;52;1;43;;11_informe_quincenal_acumulado_01-01_al_15-06-2024.pdf
2024-06-30;2024;24898;12704;23726;12192;1172;512;19257;7213;;;;;4453;4865;1154;459;13;33;18;53;3;81;;12_informe_quincenal_acumulado_01-01_al_30-06-2024.pdf
2024-07-15;2024;26585;14021;25349;13487;1236;534;19793;7590;;;;;5537;5781;1220;474;13;33;16;60;6;83;746;13_informe_quincenal_acumulado_01-01_al_15-07-2024.pdf
2024-07-31;2024;29031;16174;27640;15603;1391;571;21470;8508;;;;;6151;6962;1354;510;13;33;37;61;6;100;;14_informe_quincenal_acumulado_01-01_al_31-07-2024.pdf
2024-08-15;2024;31155;18745;29512;18069;1643;676;22304;9864;;;;;7184;8068;1605;587;17;33;38;89;7;104;;15_informe_quincenal_acumulado_01-01_al_15-08-2024.pdf
2024-08-31;2024;35456;21780;33481;21025;1975;755;25524;11439;;;;;7919;9409;1917;650;19;58;58;105;19;119;;16_informe_quincenal_acumulado_01-01_al_31-08-2024.pdf
2024-09-15;2024;37970;25471;35882;24642;2088;829;26758;14454;;;;;9084;10011;2026;717;19;54;62;112;21;123;;17_informe_quincenal_acumulado_01-01_al_15-09-2024.pdf
2024-09-30;2024;42231;26540;40076;25640;2155;900;30808;14976;;;;;9224;10487;2092;775;23;54;63;125;21;123;;18_informe_quincenal_acumulado_01-01_al_30-09-2024.pdf
2024-10-15;2024;45122;36814;42889;35812;2233;1002;32878;23537;;;;;9967;12098;2162;868;23;54;71;134;21;123;;19_informe_quincenal_acumulado_01-01_al_15-10-2024.pdf
2024-10-31;2024;47165;44103;44856;42989;2309;1114;34087;30425;;;;;10725;12371;2237;969;23;60;72;145;21;133;;20_informe_quincenal_acumulado_01-01_al_31-10-2024.pdf
2024-11-15;2024;54216;46811;51849;45652;2367;1159;39713;32209;;;;;12087;13216;2281;1008;28;60;86;151;21;167;;21_informe_quincenal_acumulado_01-01_al_15-11-2024.pdf
2024-11-30;2024;56976;50551;54541;49376;2435;1175;41425;35410;;;;;13067;13726;2344;1020;28;60;91;155;21;180;;22_informe_quincenal_acumulado_01-01_al_30-11-2024.pdf
2024-12-15;2024;60216;52591;57738;51387;2478;1204;43737;36888;;;;;13952;14259;2386;1044;28;60;92;160;21;180;;23_informe_quincenal_acumulado_01-01_al_15-12-2024.pdf
2024-12-31;2024;63970;56852;61323;55618;2647;1234;46843;39910;;;;;14431;15435;2531;1068;28;67;116;166;21;206;;24_informe_quincenal_acumulado_01-01_al_31-12-2024.pdf
2025-01-15;2025;3460;3693;3409;3673;51;20;3223;3480;;;;;186;193;51;17;0;0;0;3;0;0;56;01_informe_quincenal_acumulado_01-01_al_15-01-2025.pdf
2025-01-31;2025;5456;8067;5361;7974;95;93;4752;7270;;;;;609;703;89;90;0;0;6;3;0;1;;02_informe_quincenal_acumulado_01-01_al_31-01-2025_.pdf
2025-02-15;2025;8107;13182;7960;13003;147;179;6622;11672;;;;;1338;1330;137;176;0;0;10;3;0;1;;03_informe_quincenal_acumulado_01-01_al_15-02-2025.pdf
2025-02-28;2025;9141;14035;8969;13485;172;550;7138;11932;;;;;1828;1552;157;545;3;0;15;5;0;1;;04_informe_quincenal_acumulado_01-01_al_28-02-2025.pdf
2025-03-15;2025;11231;14634;10948;13896;283;738;9062;12089;;;;;1882;1806;266;731;3;0;17;7;1;1;;05_informe_quincenal_acumulado_01-01_al_15-03-2025.pdf
2025-03-31;2025;11998;16160;11609;15355;379;805;9424;13095;;;;;2181;2259;340;798;3;0;39;7;1;1;;06_informe_quincenal_acumulado_01-01_al_31-03-2025.pdf
2025-04-15;2025;13390;17583;12910;16675;480;908;10515;14027;;;;;2391;2647;437;901;3;0;43;7;1;1;;07_informe_quincenal_acumulado_01-01_al_15-04-2025.pdf
2025-04-30;2025;13929;19824;13388;18867;541;957;10538;15922;;;;;2846;2944;489;947;3;0;52;10;1;1;;08_informe_quincenal_acumulado_01-01_al_30-04-2025.pdf
2025-05-15;2025;14917;20898;14263;19890;654;1008;10882;16586;;;;;3377;3303;598;997;3;0;56;11;1;1;;09_informe_quincenal_acumulado_01-01_al_15-05-2025.pdf
2025-05-31;2025;15769;21786;15007;20715;762;1071;10983;17006;;;;;4020;3697;704;1055;3;11;58;16;1;1;;10_informe_quincenal_acumulado_01-01_al_31-05-2025.pdf
2025-06-15;2025;16733;24165;15875;23042;858;1123;11284;18984;;;;;4587;4044;791;1107;3;13;67;16;1;1;;11_informe_quincenal_acumulado_01-01_al_15-06-2025.pdf
2025-06-30;2025;17990;24902;16931;23730;1059;1172;11321;19262;;;;;5600;4452;978;1154;3;13;81;18;7;3;542;11_informe_quincenal_acumulado_01-01_al_30-06-2025.pdf
2025-07-15;2025;19114;26302;17917;25179;1197;1123;11454;19634;;;;;6451;5531;1091;1107;3;13;106;16;9;1;601;12_informe_quincenal_acumulado_01-01_al_15-07-2025.pdf
2025-07-31;2025;20258;29031;18657;27640;1601;1391;11575;21470;;;;;7064;6151;1452;1354;3;13;149;37;15;6;653;13_informe_quincenal_acumulado_01-01_al_31-07-2025.pdf
2025-08-15;2025;22040;31155;20153;29512;1887;1643;11883;22304;3928;4741;4323;2443;8251;7184;1721;1605;4;17;166;38;15;7;;14_informe_quincenal_acumulado_01-01_al_15-08-2025_.pdf
2025-08-31;2025;23931;35509;21721;33534;2210;1975;12126;25571;4722;5208;4852;2717;9574;7925;2014;1917;4;19;196;58;17;19;;15_informe_quincenal_acumulado_01-01_al_31-08-2025.pdf
2025-09-15;2025;26211;37970;23583;35882;2628;2088;12487;26758;5600;5887;5465;3197;11065;9084;2401;2026;6;19;227;62;25;21;;16_informe_quincenal_acumulado_01-01_al_15-09-2025.pdf
2025-09-30;2025;27476;42327;24589;40172;2887;2155;12878;30850;5853;6112;5827;3166;11680;9278;2644;2092;6;23;243;63;25;21;;17_informe_quincenal_acumulado_01-01_al_30-09-2025_.pdf
2025-10-15;2025;28922;45122;25772;42889;3150;2233;13491;32878;6148;6486;6104;3481;12252;9967;2890;2162;4;23;260;71;25;21;;18_informe_quincenal_acumulado_01-01_al_15-10-2025.pdf
2025-10-31;2025;30263;47169;27001;44860;3262;2309;14099;34087;6593;6945;6280;3784;12873;10729;2994;2237;4;23;268;72;25;21;;19_informe_quincenal_acumulado_01-01_al_31-10-2025.pdf
2025-11-15;2025;31742;54216;28362;51849;3380;2367;14690;39713;6929;7408;6683;4717;13642;12087;3101;2281;5;28;279;86;25;21;;20_informe_quincenal_acumulado_01-01_al_15-11-2025.pdf
2025-11-30;2025;34251;56976;30692;54541;3559;2435;16807;41425;7167;7855;6688;5212;13855;13067;3268;2344;5;28;291;91;25;21;;21_informe_quincenal_acumulado_01-01_al_30-11-2025_.pdf
2025-12-15;2025;35935;60311;32212;57833;3723;2478;17555;43737;7332;8315;7295;5732;14627;14047;3396;2386;5;28;327;92;25;21;;22_informe_quincenal_acumulado_01-01_al_15-12-2025.pdf
2025-12-31;2025;36775;64019;32925;61372;3850;2647;17788;46843;7787;8598;7321;5882;15108;14480;3523;2531;4;28;327;116;25;21;;23_informe_quincenal_acumulado_01-01_al_31-12-2025.pdf
2026-01-15;2026;1370;3460;1194;3409;176;51;718;3223;325;69;151;117;476;186;172;51;0;0;4;0;0;0;;1_informe_quincenal_acumulado_01-01_al_15-01-2026.pdf
2026-01-31;2026;2267;5456;1831;5361;436;95;959;4752;484;294;388;315;872;609;426;89;0;0;10;6;0;0;;2_informe_quincenal_acumulado_01-01_al_31-01-2026.pdf
2026-02-15;2026;3145;8107;2163;7960;982;147;1194;6622;581;822;388;516;969;1338;962;137;0;0;20;10;0;0;;3_informe_quincenal_acumulado_01-01_al_15-02-2026-AR.pdf
2026-02-28;2026;4520;9141;3230;8969;1290;172;1274;7138;1090;959;857;869;1947;1828;1257;157;0;3;33;15;9;0;;4_informe_quincenal_acumulado_01-01_al_28-02-2026-AR.pdf
2026-03-15;2026;5606;11231;3965;10948;1641;283;1334;9062;1469;1013;1153;869;2622;1882;1604;266;0;3;37;17;9;1;;5_informe_quincenal_acumulado_01-01_al_15-03-2026_.pdf
2026-03-31;2026;6218;11988;4352;11609;1866;379;1640;9424;1524;1227;1179;954;2703;2181;1819;340;0;3;47;39;9;1;;6_informe_quincenal_acumulado_01-01_al_31-03-2026.pdf
2026-04-15;2026;7030;13390;5004;12910;2026;480;2097;10515;1580;1287;1318;1104;2898;2391;1968;437;0;3;58;43;9;1;;7_informe_quincenal_acumulado_01-01_al_15-04-2026.pdf
2026-04-30;2026;7923;13953;5759;13412;2164;541;2276;10562;1938;1561;1536;1285;3474;2846;2101;489;0;3;63;52;9;1;;8_informe_quincenal_acumulado_01-01_al_30-04-2026.pdf
2026-05-15;2026;9047;14857;6782;14203;2265;654;3018;10822;2220;1786;1535;1591;3755;3377;2187;598;0;3;78;56;9;1;233;9_informe_quincenal_acumulado_01-01_al_15-05-2026.pdf
2026-05-31;2026;10224;15769;7858;15007;2366;762;3184;10983;2499;2114;2166;1906;4665;4020;2281;704;0;3;85;58;9;1;297;10_informe_quincenal_acumulado_01-01_al_31-05-2026.pdf
2026-06-15;2026;10701;16733;8115;15875;2586;858;3267;11284;2651;2312;2182;2275;4833;4587;2493;791;0;3;93;67;15;1;312;11_informe_quincenal_acumulado_01-01_al_15-06-2026.pdf
2026-06-30;2026;12138;17990;9440;16931;2698;1059;3708;11321;3086;2585;2631;3015;5717;5600;2582;978;0;3;116;81;15;7;371;12_informe_quincenal_acumulado_01-01_al_30-06-2026.pdf
2026-07-15;2026;14479;19222;11488;17976;2991;1246;4440;11454;3788;3125;3244;3385;7032;6510;2826;1133;0;3;165;113;16;9;448;13_informe_quincenal_acumulado_01-01_al_15-07-2026.pdf
2026-07-31;2026;17097;20271;12915;18670;4182;1601;4675;11575;4358;3567;3864;3510;8222;7077;3835;1452;0;3;347;149;18;15;506;14_informe_quincenal_acumulado_01-01_al_31-07-2026.pdf
2026-08-15;2026;19972;22040;14411;20152;5561;1888;4808;11883;5152;3928;4433;4323;9585;8251;5013;1722;0;3;548;166;18;15;599;15_informe_quincenal_acumulado_01-01_al_15-08-2026.pdf
2026-08-31;2026;20417;23931;15769;21718;4648;2213;5163;12126;5654;4722;4934;4852;10588;9574;4076;2015;0;3;572;198;18;15;665;16_informe_quincenal_acumulado_01-01_al_31-08-2026.pdf
2026-09-15;2026;21906;26225;17206;23595;4700;2630;5592;12453;5964;5630;5627;5483;11591;11113;4076;2403;0;4;624;227;23;25;755;17_informe_quincenal_acumulado_01-01_al_15-09-2026.pdf
2026-09-30;2026;24646;27475;19900;24586;4746;2889;7133;12848;6334;5865;6408;5844;12742;11709;4076;2646;2;4;670;243;23;25;854;18_informe_quincenal_acumulado_01-01_al_30-09-2026.pdf
