mes;west_med;west_afr;total
2009-01;508;361;869
2009-02;302;685;987
2009-03;656;392;1048
2009-04;423;0;423
2009-05;557;0;557
2009-06;740;161;901
2009-07;671;197;868
2009-08;714;14;728
2009-09;338;402;740
2009-10;1036;32;1068
2009-11;390;0;390
2009-12;307;0;307
2010-01;214;0;214
2010-02;66;5;71
2010-03;213;0;213
2010-04;211;10;221
2010-05;309;2;311
2010-06;453;4;457
2010-07;440;8;448
2010-08;913;20;933
2010-09;846;34;880
2010-10;543;113;656
2010-11;296;0;296
2010-12;499;0;499
2011-01;426;76;502
2011-02;253;9;262
2011-03;211;69;280
2011-04;295;0;295
2011-05;565;19;584
2011-06;709;5;714
2011-07;1473;0;1473
2011-08;1363;50;1413
2011-09;732;0;732
2011-10;1169;98;1267
2011-11;560;0;560
2011-12;692;14;706
2012-01;349;10;359
2012-02;135;2;137
2012-03;483;0;483
2012-04;349;4;353
2012-05;643;8;651
2012-06;557;19;576
2012-07;441;0;441
2012-08;842;17;859
2012-09;719;23;742
2012-10;915;14;929
2012-11;431;16;447
2012-12;533;61;594
2013-01;375;0;375
2013-02;335;0;335
2013-03;465;12;477
2013-04;577;22;599
2013-05;433;11;444
2013-06;338;0;338
2013-07;801;0;801
2013-08;940;28;968
2013-09;879;104;983
2013-10;634;0;634
2013-11;575;87;662
2013-12;486;19;505
2014-01;337;17;354
2014-02;487;0;487
2014-03;799;22;821
2014-04;252;25;277
2014-05;887;56;943
2014-06;274;26;300
2014-07;358;22;380
2014-08;1887;7;1894
2014-09;490;17;507
2014-10;558;7;565
2014-11;297;32;329
2014-12;557;45;602
2015-01;474;23;497
2015-02;178;0;178
2015-03;333;13;346
2015-04;408;3;411
2015-05;700;74;774
2015-06;621;37;658
2015-07;560;34;594
2015-08;469;32;501
2015-09;651;162;813
2015-10;1209;264;1473
2015-11;727;48;775
2015-12;674;184;858
2016-01;675;45;720
2016-02;289;42;331
2016-03;444;75;519
2016-04;533;2;535
2016-05;561;109;670
2016-06;900;57;957
2016-07;554;0;554
2016-08;1016;64;1080
2016-09;1417;80;1497
2016-10;1499;35;1534
2016-11;909;74;983
2016-12;1193;88;1281
2017-01;1086;14;1100
2017-02;1388;60;1448
2017-03;878;0;878
2017-04;873;39;912
2017-05;940;0;940
2017-06;2387;0;2387
2017-07;2170;0;2170
2017-08;2450;20;2470
2017-09;1527;0;1527
2017-10;3516;118;3634
2017-11;3802;148;3950
2017-12;2046;22;2068
2018-01;1607;21;1628
2018-02;1071;43;1114
2018-03;882;0;882
2018-04;1196;45;1241
2018-05;3398;12;3410
2018-06;5908;320;6228
2018-07;8926;13;8939
2018-08;6775;66;6841
2018-09;7789;140;7929
2018-10;9526;564;10090
2018-11;4823;55;4878
2018-12;4344;44;4388
2019-01;4082;40;4122
2019-02;919;44;963
2019-03;491;86;577
2019-04;965;64;1029
2019-05;1511;129;1640
2019-06;2360;119;2479
2019-07;2867;0;2867
2019-08;2172;151;2323
2019-09;2783;362;3145
2019-10;3080;495;3575
2019-11;1220;517;1737
2019-12;1519;711;2230
2020-01;1143;708;1851
2020-02;1235;425;1660
2020-03;540;423;963
2020-04;168;329;497
2020-05;840;1650;2490
2020-06;810;222;1032
2020-07;2048;436;2484
2020-08;2080;797;2877
2020-09;2880;2148;5028
2020-10;2804;5342;8146
2020-11;1812;8175;9987
2020-12;1010;3432;4442
2021-01;940;2077;3017
2021-02;696;264;960
2021-03;1307;1095;2402
2021-04;258;1251;1509
2021-05;1759;817;2576
2021-06;1179;1449;2628
2021-07;2496;601;3097
2021-08;1981;1808;3789
2021-09;4159;3833;7992
2021-10;1937;3635;5572
2021-11;433;3129;3562
2021-12;1321;2392;3713
2022-01;1040;3147;4187
2022-02;735;2347;3082
2022-03;980;375;1355
2022-04;633;648;1281
2022-05;840;1650;2490
2022-06;1002;462;1464
2022-07;1716;848;2564
2022-08;1368;1065;2433
2022-09;2138;1791;3929
2022-10;2784;1900;4684
2022-11;562;761;1323
2022-12;1336;469;1805
2023-01;698;567;1265
2023-02;560;1320;1880
2023-03;850;332;1182
2023-04;1334;1196;2530
2023-05;727;1047;1774
2023-06;1246;2698;3944
2023-07;2223;1336;3559
2023-08;2747;2948;5695
2023-09;1222;3830;5052
2023-10;1996;14565;16561
2023-11;1437;5144;6581
2023-12;1837;4690;6527
2024-01;813;7214;8027
2024-02;1310;4746;6056
2024-03;977;1135;2112
2024-04;836;2781;3617
2024-05;854;1173;2027
2024-06;847;2212;3059
2024-07;2023;2215;4238
2024-08;1982;4094;6076
2024-09;1620;5279;6899
2024-10;1591;3349;4940
2024-11;2723;7679;10402
2024-12;1481;4943;6424
2025-01;752;4713;5465
2025-02;1237;2467;3704
2025-03;656;2267;2923
2025-04;802;1023;1825
2025-05;1393;542;1935
2025-06;1880;388;2268
2025-07;1974;175;2149
2025-08;3182;570;3752
2025-09;2605;703;3308
2025-10;1735;1256;2991
2025-11;1178;2708;3886
2025-12;1585;1048;2633
2026-01;1168;1006;2174
2026-02;1962;268;2230
2026-03;1244;364;1608
2026-04;1079;694;1773
2026-05;1379;798;2177
2026-06;1511;584;2095
2026-07;4533;968;5501
2026-08;2317;485;2802
