desde;hasta;dias;periodo;llegadas;variacion_acumulado_oficial;media_diaria;llegadas_canarias;llegadas_peninsula;llegadas_baleares;llegadas_ceuta;llegadas_melilla;revision_canarias;revision_peninsula;revision_baleares;revision_ceuta;revision_melilla;agrupa_quincenas;zonas_sin_actualizar
2024-08-01;2024-08-15;15;1.ª quincena de agosto de 2024;2124;2124;141,6;834;;;255;2;;;;;;1;
2024-08-16;2024-08-31;16;2.ª quincena de agosto de 2024;4301;4301;268,8;3220;;;314;32;;;;;;1;
2024-09-01;2024-09-15;15;1.ª quincena de septiembre de 2024;2514;2514;167,6;1234;;;109;6;;;;;;1;
2024-09-16;2024-09-30;15;2.ª quincena de septiembre de 2024;4261;4261;284,1;4050;;;70;1;;;;;;1;
2024-10-01;2024-10-15;15;1.ª quincena de octubre de 2024;2891;2891;192,7;2070;;;70;8;;;;;;1;
2024-10-16;2024-10-31;16;2.ª quincena de octubre de 2024;2043;2043;127,7;1209;;;75;1;;;;;;1;
2024-11-01;2024-11-15;15;1.ª quincena de noviembre de 2024;7051;7051;470,1;5626;;;49;14;;;;;;1;
2024-11-16;2024-11-30;15;2.ª quincena de noviembre de 2024;2760;2760;184,0;1712;;;63;5;;;;;;1;
2024-12-01;2024-12-15;15;1.ª quincena de diciembre de 2024;3240;3240;216,0;2312;;;42;1;;;;;;1;
2024-12-16;2024-12-31;16;2.ª quincena de diciembre de 2024;3754;3754;234,6;3106;;;145;24;;;;;;1;
2025-01-01;2025-01-15;15;1.ª quincena de enero de 2025;3460;3460;230,7;3223;;;51;0;;;;;;1;
2025-01-16;2025-01-31;16;2.ª quincena de enero de 2025;1996;1996;124,8;1529;;;38;6;;;;;;1;
2025-02-01;2025-02-15;15;1.ª quincena de febrero de 2025;2651;2651;176,7;1870;;;48;4;;;;;;1;
2025-02-16;2025-02-28;13;2.ª quincena de febrero de 2025;1034;1034;79,5;516;;;23;5;;;;;;1;
2025-03-01;2025-03-15;15;1.ª quincena de marzo de 2025;2090;2090;139,3;1924;;;109;3;;;;;;1;
2025-03-16;2025-03-31;16;2.ª quincena de marzo de 2025;767;767;47,9;362;;;74;22;;;;;;1;
2025-04-01;2025-04-15;15;1.ª quincena de abril de 2025;1392;1392;92,8;1091;;;97;4;;;;;;1;
2025-04-16;2025-04-30;15;2.ª quincena de abril de 2025;539;539;35,9;23;;;52;9;;;;;;1;
2025-05-01;2025-05-15;15;1.ª quincena de mayo de 2025;988;988;65,9;344;;;109;4;;;;;;1;
2025-05-16;2025-05-31;16;2.ª quincena de mayo de 2025;852;852;53,2;101;;;106;2;;;;;;1;
2025-06-01;2025-06-15;15;1.ª quincena de junio de 2025;964;964;64,3;301;;;87;9;;;;;;1;
2025-06-16;2025-06-30;15;2.ª quincena de junio de 2025;1257;1257;83,8;37;;;187;20;;;;;;1;
2025-07-01;2025-07-15;15;1.ª quincena de julio de 2025;1124;1124;74,9;133;;;113;27;;;;;;1;
2025-07-16;2025-07-31;16;2.ª quincena de julio de 2025;1144;1144;71,5;121;;;361;49;;;;;;1;
2025-08-01;2025-08-15;15;1.ª quincena de agosto de 2025;1782;1782;118,8;308;;;270;17;;;;;;1;
2025-08-16;2025-08-31;16;2.ª quincena de agosto de 2025;1891;1891;118,2;243;794;529;293;32;;;;;;1;
2025-09-01;2025-09-15;15;1.ª quincena de septiembre de 2025;2280;2280;152,0;361;878;613;389;39;;;;;;1;
2025-09-16;2025-09-30;15;2.ª quincena de septiembre de 2025;1265;1265;84,3;391;253;362;243;16;;;;;;1;
2025-10-01;2025-10-15;15;1.ª quincena de octubre de 2025;1446;1446;96,4;613;295;277;244;17;;;;;;1;
2025-10-16;2025-10-31;16;2.ª quincena de octubre de 2025;1341;1341;83,8;608;445;176;104;8;;;;;;1;
2025-11-01;2025-11-15;15;1.ª quincena de noviembre de 2025;1479;1479;98,6;591;336;403;108;11;;;;;;1;
2025-11-16;2025-11-30;15;2.ª quincena de noviembre de 2025;2509;2509;167,3;2117;238;5;167;12;;;;;;1;
2025-12-01;2025-12-15;15;1.ª quincena de diciembre de 2025;1684;1684;112,3;748;165;607;128;36;;;;;;1;
2025-12-16;2025-12-31;16;2.ª quincena de diciembre de 2025;840;840;52,5;233;455;26;126;0;;;;;;1;
2026-01-01;2026-01-15;15;1.ª quincena de enero de 2026;1370;1370;91,3;718;325;151;172;4;;;;;;1;
2026-01-16;2026-01-31;16;2.ª quincena de enero de 2026;897;897;56,1;241;159;237;254;6;;;;;;1;
2026-02-01;2026-02-15;15;1.ª quincena de febrero de 2026;878;878;58,5;235;97;0;536;10;;;;;;1;
2026-02-16;2026-02-28;13;2.ª quincena de febrero de 2026;1375;1375;105,8;80;509;469;295;22;;;;;;1;
2026-03-01;2026-03-15;15;1.ª quincena de marzo de 2026;1086;1086;72,4;60;379;296;347;4;;;;;;1;
2026-03-16;2026-03-31;16;2.ª quincena de marzo de 2026;612;612;38,2;306;55;26;215;10;;;;;;1;
2026-04-01;2026-04-15;15;1.ª quincena de abril de 2026;812;812;54,1;457;56;139;149;11;;;;;;1;
2026-04-16;2026-04-30;15;2.ª quincena de abril de 2026;893;893;59,5;179;358;218;133;5;;;;;;1;
2026-05-01;2026-05-15;15;1.ª quincena de mayo de 2026;1125;1124;75,0;742;282;0;86;15;;;-1;;;1;
2026-05-16;2026-05-31;16;2.ª quincena de mayo de 2026;1177;1177;73,6;166;279;631;94;7;;;;;;1;
2026-06-01;2026-06-15;15;1.ª quincena de junio de 2026;477;477;31,8;83;152;16;212;14;;;;;;1;
2026-06-16;2026-06-30;15;2.ª quincena de junio de 2026;1437;1437;95,8;441;435;449;89;23;;;;;;1;
2026-07-01;2026-07-15;15;1.ª quincena de julio de 2026;2341;2341;156,1;732;702;613;244;50;;;;;;1;
2026-07-16;2026-07-31;16;2.ª quincena de julio de 2026;2618;2618;163,6;235;570;620;1009;184;;;;;;1;
2026-08-01;2026-08-15;15;1.ª quincena de agosto de 2026;2875;2875;191,7;133;794;569;1178;201;;;;;;1;
2026-08-16;2026-08-31;16;2.ª quincena de agosto de 2026;1382;445;86,4;355;502;501;0;24;;;;-937;;1;
2026-09-01;2026-09-15;15;1.ª quincena de septiembre de 2026;1489;1489;99,3;429;310;693;;57;;;;;;1;ceuta
2026-09-16;2026-09-30;15;2.ª quincena de septiembre de 2026;2740;2740;182,7;1541;370;781;2;46;;;;;;1;
